[
{
  "model": "contenttypes.contenttype",
  "pk": 1,
  "fields": {
    "app_label": "admin",
    "model": "logentry"
  }
},
{
  "model": "contenttypes.contenttype",
  "pk": 2,
  "fields": {
    "app_label": "auth",
    "model": "permission"
  }
},
{
  "model": "contenttypes.contenttype",
  "pk": 3,
  "fields": {
    "app_label": "auth",
    "model": "group"
  }
},
{
  "model": "contenttypes.contenttype",
  "pk": 4,
  "fields": {
    "app_label": "auth",
    "model": "user"
  }
},
{
  "model": "contenttypes.contenttype",
  "pk": 5,
  "fields": {
    "app_label": "contenttypes",
    "model": "contenttype"
  }
},
{
  "model": "contenttypes.contenttype",
  "pk": 6,
  "fields": {
    "app_label": "sessions",
    "model": "session"
  }
},
{
  "model": "contenttypes.contenttype",
  "pk": 7,
  "fields": {
    "app_label": "tttserver",
    "model": "player"
  }
},
{
  "model": "contenttypes.contenttype",
  "pk": 8,
  "fields": {
    "app_label": "tttserver",
    "model": "playerscore"
  }
},
{
  "model": "contenttypes.contenttype",
  "pk": 9,
  "fields": {
    "app_label": "tttserver",
    "model": "gamestate"
  }
},
{
  "model": "tttserver.player",
  "pk": 1,
  "fields": {
    "name": "player1"
  }
},
{
  "model": "tttserver.player",
  "pk": 2,
  "fields": {
    "name": "player2"
  }
},
{
  "model": "tttserver.player",
  "pk": 3,
  "fields": {
    "name": "p1"
  }
},
{
  "model": "tttserver.player",
  "pk": 4,
  "fields": {
    "name": "p3"
  }
},
{
  "model": "tttserver.playerscore",
  "pk": 1,
  "fields": {
    "player": 1,
    "score": 1
  }
},
{
  "model": "tttserver.playerscore",
  "pk": 2,
  "fields": {
    "player": 2,
    "score": 1
  }
},
{
  "model": "tttserver.playerscore",
  "pk": 3,
  "fields": {
    "player": 3,
    "score": 3
  }
},
{
  "model": "tttserver.playerscore",
  "pk": 4,
  "fields": {
    "player": 4,
    "score": 0
  }
},
{
  "model": "tttserver.gamestate",
  "pk": 1,
  "fields": {
    "player_x": 1,
    "player_o": 2,
    "turn": 2,
    "winner": 1,
    "progress": "WON",
    "cell_1": "x",
    "cell_2": "o",
    "cell_3": "x",
    "cell_4": "o",
    "cell_5": "x",
    "cell_6": "o",
    "cell_7": "b",
    "cell_8": "b",
    "cell_9": "x"
  }
},
{
  "model": "tttserver.gamestate",
  "pk": 2,
  "fields": {
    "player_x": 2,
    "player_o": 1,
    "turn": 1,
    "winner": 2,
    "progress": "WON",
    "cell_1": "x",
    "cell_2": "o",
    "cell_3": "x",
    "cell_4": "o",
    "cell_5": "o",
    "cell_6": "x",
    "cell_7": "b",
    "cell_8": "b",
    "cell_9": "x"
  }
},
{
  "model": "tttserver.gamestate",
  "pk": 3,
  "fields": {
    "player_x": 1,
    "player_o": 2,
    "turn": 2,
    "winner": null,
    "progress": "DRAW",
    "cell_1": "x",
    "cell_2": "o",
    "cell_3": "x",
    "cell_4": "o",
    "cell_5": "o",
    "cell_6": "x",
    "cell_7": "x",
    "cell_8": "x",
    "cell_9": "o"
  }
},
{
  "model": "tttserver.gamestate",
  "pk": 4,
  "fields": {
    "player_x": 3,
    "player_o": 4,
    "turn": 4,
    "winner": 3,
    "progress": "WON",
    "cell_1": "x",
    "cell_2": "o",
    "cell_3": "b",
    "cell_4": "x",
    "cell_5": "x",
    "cell_6": "b",
    "cell_7": "o",
    "cell_8": "o",
    "cell_9": "x"
  }
},
{
  "model": "tttserver.gamestate",
  "pk": 5,
  "fields": {
    "player_x": 3,
    "player_o": 4,
    "turn": 4,
    "winner": 3,
    "progress": "WON",
    "cell_1": "x",
    "cell_2": "x",
    "cell_3": "x",
    "cell_4": "o",
    "cell_5": "b",
    "cell_6": "b",
    "cell_7": "b",
    "cell_8": "b",
    "cell_9": "o"
  }
},
{
  "model": "tttserver.gamestate",
  "pk": 6,
  "fields": {
    "player_x": 4,
    "player_o": 3,
    "turn": 4,
    "winner": 3,
    "progress": "WON",
    "cell_1": "x",
    "cell_2": "b",
    "cell_3": "b",
    "cell_4": "o",
    "cell_5": "o",
    "cell_6": "o",
    "cell_7": "x",
    "cell_8": "x",
    "cell_9": "b"
  }
},
{
  "model": "auth.permission",
  "pk": 1,
  "fields": {
    "name": "Can add log entry",
    "content_type": 1,
    "codename": "add_logentry"
  }
},
{
  "model": "auth.permission",
  "pk": 2,
  "fields": {
    "name": "Can change log entry",
    "content_type": 1,
    "codename": "change_logentry"
  }
},
{
  "model": "auth.permission",
  "pk": 3,
  "fields": {
    "name": "Can delete log entry",
    "content_type": 1,
    "codename": "delete_logentry"
  }
},
{
  "model": "auth.permission",
  "pk": 4,
  "fields": {
    "name": "Can view log entry",
    "content_type": 1,
    "codename": "view_logentry"
  }
},
{
  "model": "auth.permission",
  "pk": 5,
  "fields": {
    "name": "Can add permission",
    "content_type": 2,
    "codename": "add_permission"
  }
},
{
  "model": "auth.permission",
  "pk": 6,
  "fields": {
    "name": "Can change permission",
    "content_type": 2,
    "codename": "change_permission"
  }
},
{
  "model": "auth.permission",
  "pk": 7,
  "fields": {
    "name": "Can delete permission",
    "content_type": 2,
    "codename": "delete_permission"
  }
},
{
  "model": "auth.permission",
  "pk": 8,
  "fields": {
    "name": "Can view permission",
    "content_type": 2,
    "codename": "view_permission"
  }
},
{
  "model": "auth.permission",
  "pk": 9,
  "fields": {
    "name": "Can add group",
    "content_type": 3,
    "codename": "add_group"
  }
},
{
  "model": "auth.permission",
  "pk": 10,
  "fields": {
    "name": "Can change group",
    "content_type": 3,
    "codename": "change_group"
  }
},
{
  "model": "auth.permission",
  "pk": 11,
  "fields": {
    "name": "Can delete group",
    "content_type": 3,
    "codename": "delete_group"
  }
},
{
  "model": "auth.permission",
  "pk": 12,
  "fields": {
    "name": "Can view group",
    "content_type": 3,
    "codename": "view_group"
  }
},
{
  "model": "auth.permission",
  "pk": 13,
  "fields": {
    "name": "Can add user",
    "content_type": 4,
    "codename": "add_user"
  }
},
{
  "model": "auth.permission",
  "pk": 14,
  "fields": {
    "name": "Can change user",
    "content_type": 4,
    "codename": "change_user"
  }
},
{
  "model": "auth.permission",
  "pk": 15,
  "fields": {
    "name": "Can delete user",
    "content_type": 4,
    "codename": "delete_user"
  }
},
{
  "model": "auth.permission",
  "pk": 16,
  "fields": {
    "name": "Can view user",
    "content_type": 4,
    "codename": "view_user"
  }
},
{
  "model": "auth.permission",
  "pk": 17,
  "fields": {
    "name": "Can add content type",
    "content_type": 5,
    "codename": "add_contenttype"
  }
},
{
  "model": "auth.permission",
  "pk": 18,
  "fields": {
    "name": "Can change content type",
    "content_type": 5,
    "codename": "change_contenttype"
  }
},
{
  "model": "auth.permission",
  "pk": 19,
  "fields": {
    "name": "Can delete content type",
    "content_type": 5,
    "codename": "delete_contenttype"
  }
},
{
  "model": "auth.permission",
  "pk": 20,
  "fields": {
    "name": "Can view content type",
    "content_type": 5,
    "codename": "view_contenttype"
  }
},
{
  "model": "auth.permission",
  "pk": 21,
  "fields": {
    "name": "Can add session",
    "content_type": 6,
    "codename": "add_session"
  }
},
{
  "model": "auth.permission",
  "pk": 22,
  "fields": {
    "name": "Can change session",
    "content_type": 6,
    "codename": "change_session"
  }
},
{
  "model": "auth.permission",
  "pk": 23,
  "fields": {
    "name": "Can delete session",
    "content_type": 6,
    "codename": "delete_session"
  }
},
{
  "model": "auth.permission",
  "pk": 24,
  "fields": {
    "name": "Can view session",
    "content_type": 6,
    "codename": "view_session"
  }
},
{
  "model": "auth.permission",
  "pk": 25,
  "fields": {
    "name": "Can add player",
    "content_type": 7,
    "codename": "add_player"
  }
},
{
  "model": "auth.permission",
  "pk": 26,
  "fields": {
    "name": "Can change player",
    "content_type": 7,
    "codename": "change_player"
  }
},
{
  "model": "auth.permission",
  "pk": 27,
  "fields": {
    "name": "Can delete player",
    "content_type": 7,
    "codename": "delete_player"
  }
},
{
  "model": "auth.permission",
  "pk": 28,
  "fields": {
    "name": "Can view player",
    "content_type": 7,
    "codename": "view_player"
  }
},
{
  "model": "auth.permission",
  "pk": 29,
  "fields": {
    "name": "Can add player score",
    "content_type": 8,
    "codename": "add_playerscore"
  }
},
{
  "model": "auth.permission",
  "pk": 30,
  "fields": {
    "name": "Can change player score",
    "content_type": 8,
    "codename": "change_playerscore"
  }
},
{
  "model": "auth.permission",
  "pk": 31,
  "fields": {
    "name": "Can delete player score",
    "content_type": 8,
    "codename": "delete_playerscore"
  }
},
{
  "model": "auth.permission",
  "pk": 32,
  "fields": {
    "name": "Can view player score",
    "content_type": 8,
    "codename": "view_playerscore"
  }
},
{
  "model": "auth.permission",
  "pk": 33,
  "fields": {
    "name": "Can add game state",
    "content_type": 9,
    "codename": "add_gamestate"
  }
},
{
  "model": "auth.permission",
  "pk": 34,
  "fields": {
    "name": "Can change game state",
    "content_type": 9,
    "codename": "change_gamestate"
  }
},
{
  "model": "auth.permission",
  "pk": 35,
  "fields": {
    "name": "Can delete game state",
    "content_type": 9,
    "codename": "delete_gamestate"
  }
},
{
  "model": "auth.permission",
  "pk": 36,
  "fields": {
    "name": "Can view game state",
    "content_type": 9,
    "codename": "view_gamestate"
  }
}
]
